"source","commit","blob","source_sha256","dest","dest_sha256_at_import","treatment","note"
"pytools/panda_teleop/panda_teleop/assets/panda/panda.xml","dbb2c3b4db64c7e6db4a997e087549e67cd776c6","5458892d1890b6258e2566f85b3d9bef6947e07e","ceb1e8c31c777c808565f07d68930ef99098bd405a2178a4c6eff08e8ba13772","assets/mjcf/panda/panda.xml","ceb1e8c31c777c808565f07d68930ef99098bd405a2178a4c6eff08e8ba13772","そのまま",""
"pytools/panda_teleop/panda_teleop/assets/panda/LICENSE","dbb2c3b4db64c7e6db4a997e087549e67cd776c6","d9a10c0d8e868ebf8da0b3dc95bb0be634c34bfe","a6cba85bc92e0cff7a450b1d873c0eaa2e9fc96bf472df0247a26bec77bf3ff9","assets/mjcf/panda/LICENSE","a6cba85bc92e0cff7a450b1d873c0eaa2e9fc96bf472df0247a26bec77bf3ff9","そのまま",""
"pytools/panda_teleop/panda_teleop/assets/panda/README.md","dbb2c3b4db64c7e6db4a997e087549e67cd776c6","fe10493a981079003d1f7fa245225703ad520b0f","e12684556d0154bdf2a9e77e7009ed680cd06ca89904f9e6303050f9fe59300c","assets/mjcf/panda/README.md","e12684556d0154bdf2a9e77e7009ed680cd06ca89904f9e6303050f9fe59300c","そのまま",""
"pytools/panda_teleop/panda_teleop/assets/panda/teleop_scene.xml","dbb2c3b4db64c7e6db4a997e087549e67cd776c6","98858e4b324f879fc80a9cc568666dd7cbe4804e","16d5f34326b6070a9bfc419cb446a4047cd6567a68ff464572dd4a8e2a96a1e2","assets/mjcf/scene_g0.xml","eb699aa4697658f055c547df1e04f8331d6377845def2511322a1096060d9f0d","置き換え","include の相対パス panda.xml -> panda/panda.xml と、compiler meshdir=""panda/assets"" の 1 行を追加。コンパイル後のモデルは同一"
"pytools/panda_teleop/panda_teleop/teleop/controller_ik.py","dbb2c3b4db64c7e6db4a997e087549e67cd776c6","fc1a41a3ef48f2c48969cfafe0b82168ff5c1cae","39780887f57db4ac9a2665435246770fda01dcf7bfe09fd761a90572393a2110","src/recovla/sim/controller_ik.py","39780887f57db4ac9a2665435246770fda01dcf7bfe09fd761a90572393a2110","そのまま",""
"pytools/panda_teleop/panda_teleop/teleop/device.py","dbb2c3b4db64c7e6db4a997e087549e67cd776c6","963933eb543058a8c02c7176aaa343b276fccb47","0e85307f3ed53c6e59111291e64b65dd0f2a150bf26456c95c52aba79006c2a0","src/recovla/sim/device.py","0e85307f3ed53c6e59111291e64b65dd0f2a150bf26456c95c52aba79006c2a0","そのまま",""
"pytools/panda_teleop/panda_teleop/teleop/app.py","dbb2c3b4db64c7e6db4a997e087549e67cd776c6","4f1f0aa166a6de9ea7039358e519c1851c0e66b1","4437657892dc4070a8b6ccab30c15207f3bf337d6d29eaff5696a467b97b3502","src/recovla/sim/app.py","4437657892dc4070a8b6ccab30c15207f3bf337d6d29eaff5696a467b97b3502","そのまま",""
"pytools/panda_teleop/panda_teleop/teleop/collect.py","dbb2c3b4db64c7e6db4a997e087549e67cd776c6","776548c510fc3a5d17408f8ec2057e1f905bfe89","a48712975bf27872a9d8552422cc8d12b31bae7c22f8a947b3985d9804ed1375","src/recovla/sim/collect.py","a48712975bf27872a9d8552422cc8d12b31bae7c22f8a947b3985d9804ed1375","そのまま",""
"pytools/panda_teleop/panda_teleop/scripted_demo.py","dbb2c3b4db64c7e6db4a997e087549e67cd776c6","1c0a08bc8b00ef98eecc00d924a9adfb1c1c17c7","56769da0fa6c28d88d9b13fbf381429368dd1c2c45b6d59aa4deb47fc82ab9ba","src/recovla/sim/scripted_demo.py","56769da0fa6c28d88d9b13fbf381429368dd1c2c45b6d59aa4deb47fc82ab9ba","そのまま",""
"pytools/panda_teleop/panda_teleop/teleop/recorder.py","dbb2c3b4db64c7e6db4a997e087549e67cd776c6","91206853ef3a806ea9247bd8eecee7485aac9472","77a8546b4c35385b7a677b39bc1f3f56f37002e1bda8dceaf626a2fa83e9839f","src/recovla/record/recorder.py","77a8546b4c35385b7a677b39bc1f3f56f37002e1bda8dceaf626a2fa83e9839f","そのまま",""
"pytools/panda_teleop/panda_teleop/teleop/replay.py","dbb2c3b4db64c7e6db4a997e087549e67cd776c6","6c1be03dc632298d8fe49bc73144b289d9a4aa99","c0e199326b1fa662db9b2a0421a5b68e58cf76bd188c464836aab98408e7e1d0","src/recovla/record/replay.py","c0e199326b1fa662db9b2a0421a5b68e58cf76bd188c464836aab98408e7e1d0","そのまま",""
"pytools/panda_teleop/panda_teleop/replay_check.py","dbb2c3b4db64c7e6db4a997e087549e67cd776c6","dc5ffe47f39c318cc4ca4ad643bfd084750cf4d7","2217bee7b929f9c86483199166009a4fa8cab019bd2858f4a6671e8a8a24335b","scripts/replay_check.py","2217bee7b929f9c86483199166009a4fa8cab019bd2858f4a6671e8a8a24335b","そのまま",""
"pytools/panda_teleop/panda_teleop/vla_image_spec.py","dbb2c3b4db64c7e6db4a997e087549e67cd776c6","fb3e7ac11398835df8077d8c376c177941a947a3","1c919cc05d6975c4c5135c686eb7772ce2992554ada993c81b281dbafb2e7a8f","src/recovla/data/vla_image_spec.py","1c919cc05d6975c4c5135c686eb7772ce2992554ada993c81b281dbafb2e7a8f","そのまま",""
"pytools/panda_teleop/panda_teleop/vla_state.py","dbb2c3b4db64c7e6db4a997e087549e67cd776c6","6cc3e0742532b23f40ff7563b7951a2d5809f2e9","2180ad39e4cfa66d099dc2c1475dcfedff681ae5c9db2229566b229b39893d51","src/recovla/data/vla_state.py","2180ad39e4cfa66d099dc2c1475dcfedff681ae5c9db2229566b229b39893d51","そのまま",""
"pytools/panda_teleop/panda_teleop/vla_observation.py","dbb2c3b4db64c7e6db4a997e087549e67cd776c6","5b13887b7b17f0b396598fe04533881a9e886367","9cec9447b4ee65de6f143686889c1a2436e0acc1dc445a6a9a759276a69e9554","src/recovla/data/vla_observation.py","9cec9447b4ee65de6f143686889c1a2436e0acc1dc445a6a9a759276a69e9554","そのまま",""
"pytools/panda_teleop/panda_teleop/convert_to_lerobot.py","dbb2c3b4db64c7e6db4a997e087549e67cd776c6","4c107a9fbad45cd29b59d5b33489be068ec0c841","8a044b312862da84f929c711463a63fd353a2051e5ad2bd41610a6d3e6bb43c0","src/recovla/data/convert.py","8a044b312862da84f929c711463a63fd353a2051e5ad2bd41610a6d3e6bb43c0","そのまま",""
"pytools/panda_teleop/panda_teleop/closed_loop_eval.py","dbb2c3b4db64c7e6db4a997e087549e67cd776c6","bb4b8bdccf51eea17bd376033b4545534b600971","0ccb2dfb7dd35a5d6b0d222e8044dd3ccb0d175f273461bbce75a05a9f6d5714","src/recovla/eval/closed_loop.py","0ccb2dfb7dd35a5d6b0d222e8044dd3ccb0d175f273461bbce75a05a9f6d5714","そのまま",""
"pytools/panda_teleop/panda_teleop/train_launcher.py","dbb2c3b4db64c7e6db4a997e087549e67cd776c6","7991316a9684c5d5e5b2c859f00db87e0e37681d","5720db61c021e70f5dcac96f256bc75273059608028af86aa15e4bb64609feba","src/recovla/policy/train_launcher.py","fea930aaea9fa88d700be35a8f6593a8bd1ad68a0031368e8392ad32e459c6f4","伏せ字","docstring の学内の共有フォルダのパス 1 か所を <共有フォルダ> に置き換え（動作に関係しない）"
"pytools/panda_teleop/panda_teleop/code_version.py","dbb2c3b4db64c7e6db4a997e087549e67cd776c6","f14a10bf58923a7061ed6e6115b53a4a96736f78","2386969f7b29e8720da9a57d2161fca9cf8a459859dea20c9e30618d4a0f074d","src/recovla/common/code_version.py","2386969f7b29e8720da9a57d2161fca9cf8a459859dea20c9e30618d4a0f074d","そのまま",""
"pytools/panda_teleop/panda_teleop/tests/test_vla_image_spec.py","dbb2c3b4db64c7e6db4a997e087549e67cd776c6","e67f2540c338a04664af8ebdbdd3915471dd9aa5","3f6a970ef91d86c210d9ed82633760aba0d01e07307714fe614dcfc247d45584","tests/legacy/test_vla_image_spec.py","3f6a970ef91d86c210d9ed82633760aba0d01e07307714fe614dcfc247d45584","そのまま",""
"pytools/panda_teleop/panda_teleop/tests/test_vla_state.py","dbb2c3b4db64c7e6db4a997e087549e67cd776c6","e1fa074e4ef9c0353edee4386dfa6da5a054c37e","c0740735c5ae6eae2e03fde27eafe4f4a8c038c851ba20e12963280e8457f0ba","tests/legacy/test_vla_state.py","c0740735c5ae6eae2e03fde27eafe4f4a8c038c851ba20e12963280e8457f0ba","そのまま",""
"pytools/panda_teleop/panda_teleop/tests/test_vla_observation.py","dbb2c3b4db64c7e6db4a997e087549e67cd776c6","269a58f0c67a3fc1f39eee298ca0539cee2929cc","5329cd76225a10a6df010051c0c2e5c0a1f32561b3e7c5ed8ff8de796551f037","tests/legacy/test_vla_observation.py","5329cd76225a10a6df010051c0c2e5c0a1f32561b3e7c5ed8ff8de796551f037","そのまま",""
"pytools/panda_teleop/panda_teleop/tests/test_convert_to_lerobot.py","dbb2c3b4db64c7e6db4a997e087549e67cd776c6","017a783751011ac14f54734b18e06d9d903b94d9","e7482c5e3abc0bee5006efab78e7a53c172878174f9e96711808e5eb4887a8d7","tests/legacy/test_convert_to_lerobot.py","e7482c5e3abc0bee5006efab78e7a53c172878174f9e96711808e5eb4887a8d7","そのまま",""
"pytools/panda_teleop/panda_teleop/tests/test_replay.py","dbb2c3b4db64c7e6db4a997e087549e67cd776c6","6cf1b43933fd7a012a5cf237bb7150773a61b83b","210ff2ecf29744c520e8eafa6b38e4b1a0bacb058a5a72a2d94cf650ddece9c8","tests/legacy/test_replay.py","210ff2ecf29744c520e8eafa6b38e4b1a0bacb058a5a72a2d94cf650ddece9c8","そのまま",""
"pytools/panda_teleop/panda_teleop/tests/test_closed_loop_eval.py","dbb2c3b4db64c7e6db4a997e087549e67cd776c6","329c7d603dbdf1e07447460354de9fc2d186e55b","0d1597f0e8b38745298ff6fbdf8d2c46edae39b3a6ef840d33e8285769f97d28","tests/legacy/test_closed_loop_eval.py","0d1597f0e8b38745298ff6fbdf8d2c46edae39b3a6ef840d33e8285769f97d28","そのまま",""
"pytools/panda_teleop/panda_teleop/tests/test_controller_ik.py","dbb2c3b4db64c7e6db4a997e087549e67cd776c6","993e00d125ab3f746d8923fd41d02bc0e95acfda","be2b36bae487d5061641c1ce4e1d45a94732e7ee306e9e7b4abe41513508d83b","tests/legacy/test_controller_ik.py","be2b36bae487d5061641c1ce4e1d45a94732e7ee306e9e7b4abe41513508d83b","そのまま",""
"pytools/panda_teleop/panda_teleop/tests/test_train_launcher.py","dbb2c3b4db64c7e6db4a997e087549e67cd776c6","4da110d553d54741263688f6565eebc235e498ea","f962738a59fa5753e4cc8f373b8078db87212c397b4a53f483adc2b739bca0a8","tests/legacy/test_train_launcher.py","f962738a59fa5753e4cc8f373b8078db87212c397b4a53f483adc2b739bca0a8","そのまま",""
"pytools/panda_teleop/panda_teleop/assets/panda/assets/finger_0.obj","dbb2c3b4db64c7e6db4a997e087549e67cd776c6","104cf631a225dad6a0bdc8f5cf31dc994c75216f","215098c0fcdf7192f6c503a37cf49e3efecf8a9e1320f02b17c5584d89cc5b2c","assets/mjcf/panda/assets/finger_0.obj","215098c0fcdf7192f6c503a37cf49e3efecf8a9e1320f02b17c5584d89cc5b2c","そのまま",""
"pytools/panda_teleop/panda_teleop/assets/panda/assets/finger_1.obj","dbb2c3b4db64c7e6db4a997e087549e67cd776c6","31364d4804285e0594878adf0972d543453caff1","cf239e9aca26bba09dbbf1c544c47d87cfc9a2f0637c8bb786af750b6d4eca44","assets/mjcf/panda/assets/finger_1.obj","cf239e9aca26bba09dbbf1c544c47d87cfc9a2f0637c8bb786af750b6d4eca44","そのまま",""
"pytools/panda_teleop/panda_teleop/assets/panda/assets/hand.stl","dbb2c3b4db64c7e6db4a997e087549e67cd776c6","4e820902eba7b9d959a2e0cc8091f4b0f09ed77a","94493e94f30fe940f2c8ca2f155c3bbe67bbff406d3edf5e261670d2f0f6e2ed","assets/mjcf/panda/assets/hand.stl","94493e94f30fe940f2c8ca2f155c3bbe67bbff406d3edf5e261670d2f0f6e2ed","そのまま",""
"pytools/panda_teleop/panda_teleop/assets/panda/assets/hand_0.obj","dbb2c3b4db64c7e6db4a997e087549e67cd776c6","d211d88e9235bcf0aef55944c0a4dd442e6043bc","b94aab901086f85df04c019b30f43bf9aa23a7ad0443ec80a8c14662a41cabd2","assets/mjcf/panda/assets/hand_0.obj","b94aab901086f85df04c019b30f43bf9aa23a7ad0443ec80a8c14662a41cabd2","そのまま",""
"pytools/panda_teleop/panda_teleop/assets/panda/assets/hand_1.obj","dbb2c3b4db64c7e6db4a997e087549e67cd776c6","88e32af1cf1e84c6c1a01506481630393b90b8dc","cd76f7494bb314406a1819c46eb826ee254894f87235714f604a470653d9badb","assets/mjcf/panda/assets/hand_1.obj","cd76f7494bb314406a1819c46eb826ee254894f87235714f604a470653d9badb","そのまま",""
"pytools/panda_teleop/panda_teleop/assets/panda/assets/hand_2.obj","dbb2c3b4db64c7e6db4a997e087549e67cd776c6","1611d55faf3a901e13e51e499c19d9fff438c7db","e0f44a71712afa5b98eb20355eff17763d3e2e19f459b2bef19abed3727e64b3","assets/mjcf/panda/assets/hand_2.obj","e0f44a71712afa5b98eb20355eff17763d3e2e19f459b2bef19abed3727e64b3","そのまま",""
"pytools/panda_teleop/panda_teleop/assets/panda/assets/hand_3.obj","dbb2c3b4db64c7e6db4a997e087549e67cd776c6","3fcd6f303523ad716ae56013a9b06acdd8b413d6","a431a06d99e88a1b322b3122a01424ee7704daeaad0bc343b90b9604f014ad0c","assets/mjcf/panda/assets/hand_3.obj","a431a06d99e88a1b322b3122a01424ee7704daeaad0bc343b90b9604f014ad0c","そのまま",""
"pytools/panda_teleop/panda_teleop/assets/panda/assets/hand_4.obj","dbb2c3b4db64c7e6db4a997e087549e67cd776c6","0b308459702bf47c8e1a17b60486a6f9c6aa77f2","21f96ef6a8de082e41b1ea9834f1043de359e5d60305541bcb63539581f53bff","assets/mjcf/panda/assets/hand_4.obj","21f96ef6a8de082e41b1ea9834f1043de359e5d60305541bcb63539581f53bff","そのまま",""
"pytools/panda_teleop/panda_teleop/assets/panda/assets/link0.stl","dbb2c3b4db64c7e6db4a997e087549e67cd776c6","def070c7077c0ddb33bbe16cd6c75f19dd318734","dfc6d94330de8ddb005b311bfdba9f3b8e1aa7c256b71592ee7ff32cb9a9a5aa","assets/mjcf/panda/assets/link0.stl","dfc6d94330de8ddb005b311bfdba9f3b8e1aa7c256b71592ee7ff32cb9a9a5aa","そのまま",""
"pytools/panda_teleop/panda_teleop/assets/panda/assets/link0_0.obj","dbb2c3b4db64c7e6db4a997e087549e67cd776c6","49d5e9f85dc38178073cfe0ff0cc007f9e0ea5fc","6b9f41a4c203540daaeb7a33cc3d0d6c6a32dc8bba187074eeaf97b3e36b3f9c","assets/mjcf/panda/assets/link0_0.obj","6b9f41a4c203540daaeb7a33cc3d0d6c6a32dc8bba187074eeaf97b3e36b3f9c","そのまま",""
"pytools/panda_teleop/panda_teleop/assets/panda/assets/link0_1.obj","dbb2c3b4db64c7e6db4a997e087549e67cd776c6","6bce09cfb9561bf387ab052a2ec0d0b514cfa269","57673d2ee2a9db2e10c8986ae57c56a7c39c012b60fd26d7d8549553b664a5ed","assets/mjcf/panda/assets/link0_1.obj","57673d2ee2a9db2e10c8986ae57c56a7c39c012b60fd26d7d8549553b664a5ed","そのまま",""
"pytools/panda_teleop/panda_teleop/assets/panda/assets/link0_10.obj","dbb2c3b4db64c7e6db4a997e087549e67cd776c6","b1475760a6c8bcd12252f74b55482faaf5202359","c9198b9d8534d628d097b0f2b239bb30343353182df098ce0d9db6bc13326848","assets/mjcf/panda/assets/link0_10.obj","c9198b9d8534d628d097b0f2b239bb30343353182df098ce0d9db6bc13326848","そのまま",""
"pytools/panda_teleop/panda_teleop/assets/panda/assets/link0_11.obj","dbb2c3b4db64c7e6db4a997e087549e67cd776c6","b4c3117c70af56a581e50a6758c60c2368d211cb","f0adec78d6677b7799d25121981270e8bfe119b5c18d08a91ee37a54ad75f65c","assets/mjcf/panda/assets/link0_11.obj","f0adec78d6677b7799d25121981270e8bfe119b5c18d08a91ee37a54ad75f65c","そのまま",""
"pytools/panda_teleop/panda_teleop/assets/panda/assets/link0_2.obj","dbb2c3b4db64c7e6db4a997e087549e67cd776c6","33fb68f14f85785ce5399a4a2e806ef30aeda624","1ca435a2a87a9608a146a47955724d43dd7ce10fc3dd3018800aa98f8ba86e05","assets/mjcf/panda/assets/link0_2.obj","1ca435a2a87a9608a146a47955724d43dd7ce10fc3dd3018800aa98f8ba86e05","そのまま",""
"pytools/panda_teleop/panda_teleop/assets/panda/assets/link0_3.obj","dbb2c3b4db64c7e6db4a997e087549e67cd776c6","2960c9116f94d3d71caa28efd2a4928997c8edaf","3e9c6334d2b3b47944af3458ee5f20519abc20fe7ee23063bb53405ccab28046","assets/mjcf/panda/assets/link0_3.obj","3e9c6334d2b3b47944af3458ee5f20519abc20fe7ee23063bb53405ccab28046","そのまま",""
"pytools/panda_teleop/panda_teleop/assets/panda/assets/link0_4.obj","dbb2c3b4db64c7e6db4a997e087549e67cd776c6","5218f67d8acfc17bf5b66b5d340b87ff557dff73","215d25789704936120f119c0bc1cc7f68516dd3f8f1df61457b71acac3873f26","assets/mjcf/panda/assets/link0_4.obj","215d25789704936120f119c0bc1cc7f68516dd3f8f1df61457b71acac3873f26","そのまま",""
"pytools/panda_teleop/panda_teleop/assets/panda/assets/link0_5.obj","dbb2c3b4db64c7e6db4a997e087549e67cd776c6","91dd8aff8f2d604d5b19f9d5b4fd9ef90944e740","9361b104e93743045107aa5b15fb1a0835ba9c1f355aae71f56403cf6a9c33f6","assets/mjcf/panda/assets/link0_5.obj","9361b104e93743045107aa5b15fb1a0835ba9c1f355aae71f56403cf6a9c33f6","そのまま",""
"pytools/panda_teleop/panda_teleop/assets/panda/assets/link0_7.obj","dbb2c3b4db64c7e6db4a997e087549e67cd776c6","68bcdf9cee7a61b10bd0b64b45cee82adb8da6c9","2dc0b8ebbbc80e4c065d71e195adbc384f673438641fac82b07b801b4d2837cb","assets/mjcf/panda/assets/link0_7.obj","2dc0b8ebbbc80e4c065d71e195adbc384f673438641fac82b07b801b4d2837cb","そのまま",""
"pytools/panda_teleop/panda_teleop/assets/panda/assets/link0_8.obj","dbb2c3b4db64c7e6db4a997e087549e67cd776c6","51f418a02bc35ae501e2243ffff81457c2fc85b4","3b8c436999db5586b8eb47bed2b0aa7de6993868b2681b4c04246eeac42fdb7a","assets/mjcf/panda/assets/link0_8.obj","3b8c436999db5586b8eb47bed2b0aa7de6993868b2681b4c04246eeac42fdb7a","そのまま",""
"pytools/panda_teleop/panda_teleop/assets/panda/assets/link0_9.obj","dbb2c3b4db64c7e6db4a997e087549e67cd776c6","3f809da9d0f0764dfa780b231edf9a0e8f729ce8","45178f97d2b5da6bce11f610212c4ef7d08c73db33a4fc38e1b7f66b93d023f5","assets/mjcf/panda/assets/link0_9.obj","45178f97d2b5da6bce11f610212c4ef7d08c73db33a4fc38e1b7f66b93d023f5","そのまま",""
"pytools/panda_teleop/panda_teleop/assets/panda/assets/link1.obj","dbb2c3b4db64c7e6db4a997e087549e67cd776c6","f49e713092445a09b81f03552acf9e9d1b43b18e","51091e776b16babdbe2f3849b5c041f921d1f11dd94ac19a0f1c81abf496fbae","assets/mjcf/panda/assets/link1.obj","51091e776b16babdbe2f3849b5c041f921d1f11dd94ac19a0f1c81abf496fbae","そのまま",""
"pytools/panda_teleop/panda_teleop/assets/panda/assets/link1.stl","dbb2c3b4db64c7e6db4a997e087549e67cd776c6","426bcf2d7a04e067e01ab198d0ccfef63c6846e8","e41a39a94108fcf56aacff603fc91ec80541f4c1af17b51a0de5617f5566e6d2","assets/mjcf/panda/assets/link1.stl","e41a39a94108fcf56aacff603fc91ec80541f4c1af17b51a0de5617f5566e6d2","そのまま",""
"pytools/panda_teleop/panda_teleop/assets/panda/assets/link2.obj","dbb2c3b4db64c7e6db4a997e087549e67cd776c6","a1d5d92c7bf6549927ae704fa98cffeb512ad040","5c9f8e715de52c3eb71b475de35993b3b96081e02abea9f28c414768877fc59b","assets/mjcf/panda/assets/link2.obj","5c9f8e715de52c3eb71b475de35993b3b96081e02abea9f28c414768877fc59b","そのまま",""
"pytools/panda_teleop/panda_teleop/assets/panda/assets/link2.stl","dbb2c3b4db64c7e6db4a997e087549e67cd776c6","b369f1599a3c1356611716621f998bd8b5a8863b","370f7605a0fae3529db169ded50f52f171024aa792d4d773bc84197301f6a039","assets/mjcf/panda/assets/link2.stl","370f7605a0fae3529db169ded50f52f171024aa792d4d773bc84197301f6a039","そのまま",""
"pytools/panda_teleop/panda_teleop/assets/panda/assets/link3.stl","dbb2c3b4db64c7e6db4a997e087549e67cd776c6","25162eeedf286d1e27fdd4ba38950ae90678bb0f","0a8d638b9349c6c0eefc4e888636ac4838c4b27170f18a51699321118af709c1","assets/mjcf/panda/assets/link3.stl","0a8d638b9349c6c0eefc4e888636ac4838c4b27170f18a51699321118af709c1","そのまま",""
"pytools/panda_teleop/panda_teleop/assets/panda/assets/link3_0.obj","dbb2c3b4db64c7e6db4a997e087549e67cd776c6","039065e91d8e92ed12aed91f3540c36c605197b1","ce2da87f51708e11b189249d41401065dabe89a06e251185a06cef4d5ff27178","assets/mjcf/panda/assets/link3_0.obj","ce2da87f51708e11b189249d41401065dabe89a06e251185a06cef4d5ff27178","そのまま",""
"pytools/panda_teleop/panda_teleop/assets/panda/assets/link3_1.obj","dbb2c3b4db64c7e6db4a997e087549e67cd776c6","6ce40eb74eabd150e7a066198f983baf8e8ed042","2880b7753a7173f38fa87ee21da4dfc7fa7be46fbe07bac5aef9e128513cb118","assets/mjcf/panda/assets/link3_1.obj","2880b7753a7173f38fa87ee21da4dfc7fa7be46fbe07bac5aef9e128513cb118","そのまま",""
"pytools/panda_teleop/panda_teleop/assets/panda/assets/link3_2.obj","dbb2c3b4db64c7e6db4a997e087549e67cd776c6","00f2e27de6e5dbe773f7b056ba722421733bb08e","670cff81ae84693769ca4ae658c154cf909d81167e7c8d22b70ea977f2504efa","assets/mjcf/panda/assets/link3_2.obj","670cff81ae84693769ca4ae658c154cf909d81167e7c8d22b70ea977f2504efa","そのまま",""
"pytools/panda_teleop/panda_teleop/assets/panda/assets/link3_3.obj","dbb2c3b4db64c7e6db4a997e087549e67cd776c6","428533ad0c7ba766f46a8ff572527b277c5b3928","30ede0c812efd0e0b767d134a4eae0b84e0fa407bb6325a5a555e0569b3a3ffd","assets/mjcf/panda/assets/link3_3.obj","30ede0c812efd0e0b767d134a4eae0b84e0fa407bb6325a5a555e0569b3a3ffd","そのまま",""
"pytools/panda_teleop/panda_teleop/assets/panda/assets/link4.stl","dbb2c3b4db64c7e6db4a997e087549e67cd776c6","76c8c33c3e1e6c184f8c3693b390892c25b179e3","0180ebb5772ec9840cb049750cffb29a9ddc90311752a16ea34757782ef9e48d","assets/mjcf/panda/assets/link4.stl","0180ebb5772ec9840cb049750cffb29a9ddc90311752a16ea34757782ef9e48d","そのまま",""
"pytools/panda_teleop/panda_teleop/assets/panda/assets/link4_0.obj","dbb2c3b4db64c7e6db4a997e087549e67cd776c6","d497e1d381adb44779b39d0273d3ee3e27eb2d3a","443bf6d178177cf347951ecf107ccd10ca444e605e375b67304579e5f948806f","assets/mjcf/panda/assets/link4_0.obj","443bf6d178177cf347951ecf107ccd10ca444e605e375b67304579e5f948806f","そのまま",""
"pytools/panda_teleop/panda_teleop/assets/panda/assets/link4_1.obj","dbb2c3b4db64c7e6db4a997e087549e67cd776c6","32d853f4dc53639324923eadfd6eca1c0c101350","ca935ec7cc8b3f0e86aa079c76b0b3bf593b1e9830bab0fa7131ac51577c74f0","assets/mjcf/panda/assets/link4_1.obj","ca935ec7cc8b3f0e86aa079c76b0b3bf593b1e9830bab0fa7131ac51577c74f0","そのまま",""
"pytools/panda_teleop/panda_teleop/assets/panda/assets/link4_2.obj","dbb2c3b4db64c7e6db4a997e087549e67cd776c6","77b8a6d245b45955ecea73c18c80fffb977f23f6","c89caf26d379c35bb9e191ee2d91d09ab29ecc792b48d8bc10b39e5b38222175","assets/mjcf/panda/assets/link4_2.obj","c89caf26d379c35bb9e191ee2d91d09ab29ecc792b48d8bc10b39e5b38222175","そのまま",""
"pytools/panda_teleop/panda_teleop/assets/panda/assets/link4_3.obj","dbb2c3b4db64c7e6db4a997e087549e67cd776c6","5f46aea8f9520cc60387d94fadc241a544de1ec7","1495d17f45bdb230cf58b0beef9da4e8c9cfe76a3d2d38da89017efe5e093136","assets/mjcf/panda/assets/link4_3.obj","1495d17f45bdb230cf58b0beef9da4e8c9cfe76a3d2d38da89017efe5e093136","そのまま",""
"pytools/panda_teleop/panda_teleop/assets/panda/assets/link5_0.obj","dbb2c3b4db64c7e6db4a997e087549e67cd776c6","b81d9466e2c535ab2c8e1a4d665d3e2d361eedbe","a3238b8f2af0f2eb66d9fe63dc5d41ac52d5d38507241b5ed10e3cb019ab3e71","assets/mjcf/panda/assets/link5_0.obj","a3238b8f2af0f2eb66d9fe63dc5d41ac52d5d38507241b5ed10e3cb019ab3e71","そのまま",""
"pytools/panda_teleop/panda_teleop/assets/panda/assets/link5_1.obj","dbb2c3b4db64c7e6db4a997e087549e67cd776c6","902daf327ca4d9388977bdc1f126e40d70945216","9d994bbf83ec241e301b5197a6846da13f2a4a0582edb2c0f76962c5549649d6","assets/mjcf/panda/assets/link5_1.obj","9d994bbf83ec241e301b5197a6846da13f2a4a0582edb2c0f76962c5549649d6","そのまま",""
"pytools/panda_teleop/panda_teleop/assets/panda/assets/link5_2.obj","dbb2c3b4db64c7e6db4a997e087549e67cd776c6","d598fc55e7da0843f957d664d79a6da3416d68c0","83b4ffe9f772cd7fe182e98640650eebc899aaf01842656574b0416c90dd40a4","assets/mjcf/panda/assets/link5_2.obj","83b4ffe9f772cd7fe182e98640650eebc899aaf01842656574b0416c90dd40a4","そのまま",""
"pytools/panda_teleop/panda_teleop/assets/panda/assets/link5_collision_0.obj","dbb2c3b4db64c7e6db4a997e087549e67cd776c6","6d6eb5203b88af66dd209f3866755fdaf718b22d","3e5aa75fb13f193555c3dfb999df91d81df25006a5c3af5338297d78137c129b","assets/mjcf/panda/assets/link5_collision_0.obj","3e5aa75fb13f193555c3dfb999df91d81df25006a5c3af5338297d78137c129b","そのまま",""
"pytools/panda_teleop/panda_teleop/assets/panda/assets/link5_collision_1.obj","dbb2c3b4db64c7e6db4a997e087549e67cd776c6","2eeeeea1709d0fe8f5232ee81544b1d520f0f5e1","87cd8f621071df010f774cbde789282b8463840dfe704f8bdfa2e29be0142e15","assets/mjcf/panda/assets/link5_collision_1.obj","87cd8f621071df010f774cbde789282b8463840dfe704f8bdfa2e29be0142e15","そのまま",""
"pytools/panda_teleop/panda_teleop/assets/panda/assets/link5_collision_2.obj","dbb2c3b4db64c7e6db4a997e087549e67cd776c6","6b563bff798a9b4607e3ae7e4e2847f13c0bda0b","823ab6c8f7b1d79e0844fa071d82a03499ff68e34fddb1ba3451032c22736040","assets/mjcf/panda/assets/link5_collision_2.obj","823ab6c8f7b1d79e0844fa071d82a03499ff68e34fddb1ba3451032c22736040","そのまま",""
"pytools/panda_teleop/panda_teleop/assets/panda/assets/link6.stl","dbb2c3b4db64c7e6db4a997e087549e67cd776c6","2e9594a873f97e572ec68a4e0ab6d65f41f5007e","20b768e99a0e0440b5754dcca108016434e57937cc356acd9c352ccd3cb27f77","assets/mjcf/panda/assets/link6.stl","20b768e99a0e0440b5754dcca108016434e57937cc356acd9c352ccd3cb27f77","そのまま",""
"pytools/panda_teleop/panda_teleop/assets/panda/assets/link6_0.obj","dbb2c3b4db64c7e6db4a997e087549e67cd776c6","a1816531102045e49d1bb7e533df8eb1dea2e87f","0504c70ebf1b284ee8faae7dcb896b8830bc672a6552015dd5dbd121fa031fb9","assets/mjcf/panda/assets/link6_0.obj","0504c70ebf1b284ee8faae7dcb896b8830bc672a6552015dd5dbd121fa031fb9","そのまま",""
"pytools/panda_teleop/panda_teleop/assets/panda/assets/link6_1.obj","dbb2c3b4db64c7e6db4a997e087549e67cd776c6","7548d77d2984209889c7fa4c4afc36427783d021","45f7ca77695198b6d86ec2417ad4e42e6275044f0f96266699ee8e1057757ac1","assets/mjcf/panda/assets/link6_1.obj","45f7ca77695198b6d86ec2417ad4e42e6275044f0f96266699ee8e1057757ac1","そのまま",""
"pytools/panda_teleop/panda_teleop/assets/panda/assets/link6_10.obj","dbb2c3b4db64c7e6db4a997e087549e67cd776c6","9ff9ebdc5ce9055b2c2b0abb83de8d3fd6a04b83","365f26c21d10332cab8d8704645cb46930c30b3085956f2d097498c793f24db4","assets/mjcf/panda/assets/link6_10.obj","365f26c21d10332cab8d8704645cb46930c30b3085956f2d097498c793f24db4","そのまま",""
"pytools/panda_teleop/panda_teleop/assets/panda/assets/link6_11.obj","dbb2c3b4db64c7e6db4a997e087549e67cd776c6","4fdbfcd4255c063a62f3425ef15ecd03d511978d","8ae61e08b3ad064f25bbf03b22e59cc15d65883b5a7ce92711aff29df2493901","assets/mjcf/panda/assets/link6_11.obj","8ae61e08b3ad064f25bbf03b22e59cc15d65883b5a7ce92711aff29df2493901","そのまま",""
"pytools/panda_teleop/panda_teleop/assets/panda/assets/link6_12.obj","dbb2c3b4db64c7e6db4a997e087549e67cd776c6","e5e59fa4b6d69d7f9133f9761456432c928d6902","f28d1bfd62b0244ffd19fb35fe9edefdf583d3c9167db944e87185d919e1d021","assets/mjcf/panda/assets/link6_12.obj","f28d1bfd62b0244ffd19fb35fe9edefdf583d3c9167db944e87185d919e1d021","そのまま",""
"pytools/panda_teleop/panda_teleop/assets/panda/assets/link6_13.obj","dbb2c3b4db64c7e6db4a997e087549e67cd776c6","e3e7a2e37284f9c66845b24708b5f3b20216cfd6","0a55fa92dccb261d07200e6565fca4c850fd17f0c1ecf38821c0b97d51796c7d","assets/mjcf/panda/assets/link6_13.obj","0a55fa92dccb261d07200e6565fca4c850fd17f0c1ecf38821c0b97d51796c7d","そのまま",""
"pytools/panda_teleop/panda_teleop/assets/panda/assets/link6_14.obj","dbb2c3b4db64c7e6db4a997e087549e67cd776c6","3a28c781c3de90a5b23c1d78e1faf357888f5ec7","750ae3ee4781e62e3a045c662195247b03f6642b05aa93104f08258e5f6eba26","assets/mjcf/panda/assets/link6_14.obj","750ae3ee4781e62e3a045c662195247b03f6642b05aa93104f08258e5f6eba26","そのまま",""
"pytools/panda_teleop/panda_teleop/assets/panda/assets/link6_15.obj","dbb2c3b4db64c7e6db4a997e087549e67cd776c6","154c260c3664c349a83ea86cec2586368544a5c8","5999c1c2497a004a7c4bbe034cdf13744f839d85ae7a11b1bc386c48a3e642e6","assets/mjcf/panda/assets/link6_15.obj","5999c1c2497a004a7c4bbe034cdf13744f839d85ae7a11b1bc386c48a3e642e6","そのまま",""
"pytools/panda_teleop/panda_teleop/assets/panda/assets/link6_16.obj","dbb2c3b4db64c7e6db4a997e087549e67cd776c6","ef541608c6e1722dc09c3752a06675110fbef7d7","551d7a8b37c53e7a152d008b4e36992e5b5abe74a4be18b57ee6319c27def09f","assets/mjcf/panda/assets/link6_16.obj","551d7a8b37c53e7a152d008b4e36992e5b5abe74a4be18b57ee6319c27def09f","そのまま",""
"pytools/panda_teleop/panda_teleop/assets/panda/assets/link6_2.obj","dbb2c3b4db64c7e6db4a997e087549e67cd776c6","6281d594fdad7ea84c116a2d515eca74fe87711d","e54eee4d8232947ee8af65afd5a067e09dac2da6e7e585cb1dccb65496457da0","assets/mjcf/panda/assets/link6_2.obj","e54eee4d8232947ee8af65afd5a067e09dac2da6e7e585cb1dccb65496457da0","そのまま",""
"pytools/panda_teleop/panda_teleop/assets/panda/assets/link6_3.obj","dbb2c3b4db64c7e6db4a997e087549e67cd776c6","212943b17bd21713eab8279ad905b8323d366e09","d4f6a25ef32fa1fa4734146981994ee760232cb077c80fea6487d78a077c7f27","assets/mjcf/panda/assets/link6_3.obj","d4f6a25ef32fa1fa4734146981994ee760232cb077c80fea6487d78a077c7f27","そのまま",""
"pytools/panda_teleop/panda_teleop/assets/panda/assets/link6_4.obj","dbb2c3b4db64c7e6db4a997e087549e67cd776c6","17aff9f4a6d4103e35ae723c927a0749eaa67df3","be353480fe71d46f7a96f0a3cbb7e112caaf8d88368826f321a36a253c8749b2","assets/mjcf/panda/assets/link6_4.obj","be353480fe71d46f7a96f0a3cbb7e112caaf8d88368826f321a36a253c8749b2","そのまま",""
"pytools/panda_teleop/panda_teleop/assets/panda/assets/link6_5.obj","dbb2c3b4db64c7e6db4a997e087549e67cd776c6","af8b5cc59cb1c5c9c22993b7f2481b9e6baf63cb","7c87664623c3e1a6cb330db273227a69626dc5e53b4caff1d4ee7911eb3340c6","assets/mjcf/panda/assets/link6_5.obj","7c87664623c3e1a6cb330db273227a69626dc5e53b4caff1d4ee7911eb3340c6","そのまま",""
"pytools/panda_teleop/panda_teleop/assets/panda/assets/link6_6.obj","dbb2c3b4db64c7e6db4a997e087549e67cd776c6","db6f0d570a3f5bbfc52d0e12424f10dd3f79298b","8fbc031e0d07b795ebf99115c75223141caaba317cab569159f3d477a7821681","assets/mjcf/panda/assets/link6_6.obj","8fbc031e0d07b795ebf99115c75223141caaba317cab569159f3d477a7821681","そのまま",""
"pytools/panda_teleop/panda_teleop/assets/panda/assets/link6_7.obj","dbb2c3b4db64c7e6db4a997e087549e67cd776c6","eb3a586c82ae32cfb63546b83a0d9142fdb8e9af","7dc5ebb799fe281aab27d6e84e7a4efa0a8e42da2369ec83de3ea3f206f62d73","assets/mjcf/panda/assets/link6_7.obj","7dc5ebb799fe281aab27d6e84e7a4efa0a8e42da2369ec83de3ea3f206f62d73","そのまま",""
"pytools/panda_teleop/panda_teleop/assets/panda/assets/link6_8.obj","dbb2c3b4db64c7e6db4a997e087549e67cd776c6","dc28c6d1d77f68a5796234a9702b6aa8776b5b60","e3f77381817a341030f9dcc4c4aa7c559f80411b453fd87eb0fefecca82151bf","assets/mjcf/panda/assets/link6_8.obj","e3f77381817a341030f9dcc4c4aa7c559f80411b453fd87eb0fefecca82151bf","そのまま",""
"pytools/panda_teleop/panda_teleop/assets/panda/assets/link6_9.obj","dbb2c3b4db64c7e6db4a997e087549e67cd776c6","56421f8d7f1dbc11460641e60fd419c83442de7b","25a56ea9b02a03b6cb5a81f31c54f54d0185e1a0b3937c37e4289d896e50215a","assets/mjcf/panda/assets/link6_9.obj","25a56ea9b02a03b6cb5a81f31c54f54d0185e1a0b3937c37e4289d896e50215a","そのまま",""
"pytools/panda_teleop/panda_teleop/assets/panda/assets/link7.stl","dbb2c3b4db64c7e6db4a997e087549e67cd776c6","0532d057507637533d25f4b3ed451f213685a61d","92ac6afcf7574c034d3170d8a68e95ac9048ab9d0dd5bbd8311b86e551b9ab1c","assets/mjcf/panda/assets/link7.stl","92ac6afcf7574c034d3170d8a68e95ac9048ab9d0dd5bbd8311b86e551b9ab1c","そのまま",""
"pytools/panda_teleop/panda_teleop/assets/panda/assets/link7_0.obj","dbb2c3b4db64c7e6db4a997e087549e67cd776c6","f87d32aa31656ceb036a4bedfddba0d9378b1336","04586b0bde011715cfc22072ac72fe0717eb4d4817bcf665987ce6cd88eb2b93","assets/mjcf/panda/assets/link7_0.obj","04586b0bde011715cfc22072ac72fe0717eb4d4817bcf665987ce6cd88eb2b93","そのまま",""
"pytools/panda_teleop/panda_teleop/assets/panda/assets/link7_1.obj","dbb2c3b4db64c7e6db4a997e087549e67cd776c6","762c0a8583367c5450efcfc74007c80d6b25ae14","c3f72289f394c9d6749a4a327fb11f05b203c37c95032c92f28019b40ebe7e00","assets/mjcf/panda/assets/link7_1.obj","c3f72289f394c9d6749a4a327fb11f05b203c37c95032c92f28019b40ebe7e00","そのまま",""
"pytools/panda_teleop/panda_teleop/assets/panda/assets/link7_2.obj","dbb2c3b4db64c7e6db4a997e087549e67cd776c6","2a35c5f8240c9fa0b163e201b01a458e3af8fa08","d2faecedb304d0989040d082410378dc949dbbda23bd18c05134f08aae984db5","assets/mjcf/panda/assets/link7_2.obj","d2faecedb304d0989040d082410378dc949dbbda23bd18c05134f08aae984db5","そのまま",""
"pytools/panda_teleop/panda_teleop/assets/panda/assets/link7_3.obj","dbb2c3b4db64c7e6db4a997e087549e67cd776c6","8ff85cf7722b24050e56cc4af50eeb24d48eb8c8","b62d87c4d4bdb7b281ed341d347c39dad0e50bf36aed8ac11d050073701d5f70","assets/mjcf/panda/assets/link7_3.obj","b62d87c4d4bdb7b281ed341d347c39dad0e50bf36aed8ac11d050073701d5f70","そのまま",""
"pytools/panda_teleop/panda_teleop/assets/panda/assets/link7_4.obj","dbb2c3b4db64c7e6db4a997e087549e67cd776c6","2cdad2df7a5771fc0a1440992a5738ab9613a1d5","cb78ccb61fd4ad6c7bff4c4d2e6cb41e1964a5a3e1a28e67c0c6202371cfc018","assets/mjcf/panda/assets/link7_4.obj","cb78ccb61fd4ad6c7bff4c4d2e6cb41e1964a5a3e1a28e67c0c6202371cfc018","そのまま",""
"pytools/panda_teleop/panda_teleop/assets/panda/assets/link7_5.obj","dbb2c3b4db64c7e6db4a997e087549e67cd776c6","860d25fc767ed54c5c5ab92981de716a88496dc2","099071d3090b51471ba52f4f90814fd3089f4975d196e4d488117073d0bfe491","assets/mjcf/panda/assets/link7_5.obj","099071d3090b51471ba52f4f90814fd3089f4975d196e4d488117073d0bfe491","そのまま",""
"pytools/panda_teleop/panda_teleop/assets/panda/assets/link7_6.obj","dbb2c3b4db64c7e6db4a997e087549e67cd776c6","9c00fa0369770bbefdcc6e423b7e99e83aa69b77","99469e2d95ab74ce0292f2f16954c87a8a7dc16652e62e970fe37c94330a81bb","assets/mjcf/panda/assets/link7_6.obj","99469e2d95ab74ce0292f2f16954c87a8a7dc16652e62e970fe37c94330a81bb","そのまま",""
"pytools/panda_teleop/panda_teleop/assets/panda/assets/link7_7.obj","dbb2c3b4db64c7e6db4a997e087549e67cd776c6","19d7b0f6621e64114fc0ca49f87e8ebeade4d713","426c3db8a19373f3dc73d4bec672e948121b2914c10e2e7b9c7ea80643a19e54","assets/mjcf/panda/assets/link7_7.obj","426c3db8a19373f3dc73d4bec672e948121b2914c10e2e7b9c7ea80643a19e54","そのまま",""
"pytools/panda_teleop/panda_teleop/gui/gui_core.py","dbb2c3b4db64c7e6db4a997e087549e67cd776c6","a97b8dfef96581b5b13f530c9b4a6907049a5d88","f95ae293a3af003ea8834821146f421f228e352aa96bef37f6adeef722a8f089","src/recovla/eval/stats.py","d599615372ff15963c8f6d8f663c1f780c00648bc445798fe6f26637f7303d10","関数だけ","gui_core.py の 411〜419 行目（wilson_interval）と import math だけ"
